id;username;token;subject;content;image;status;created_at;created_by
1;whereas;knotty discontinue;yogurt;formamide hence witty;at regarding per;SENT;2024-12-28T00:08:25;sardonic eek
2;contrast;ah;excluding plugin;hundred;guest;IN_QUEUE;2024-12-28T07:17:14;stiffen
3;weatherize;ethical construe;quirkily sans;gratefully;the ill;SENT;2024-12-27T16:27:18;pish tomatillo whenever
4;worldly notwithstanding;lounge roadway;because sans apud;neighboring rewarding esteemed;down with ah;IN_QUEUE;2024-12-27T17:39:44;yawningly likewise convince
5;anti hmph;normal hmph always;trick;repossess worthwhile;recovery flood;FAILED;2024-12-27T11:37:40;conservative brr experience
6;lecture;intend;inborn;between far sesame;beyond;IN_QUEUE;2024-12-28T11:22:50;because longingly while
7;overcooked massage;uh-huh low knitting;kiddingly;eek;aw beard affiliate;IN_QUEUE;2024-12-28T02:17:17;amidst of
8;custody ideal design;contrail galvanize;except lest;qua;skyscraper;SENT;2024-12-27T20:55:22;neaten
9;brief once;behind;aw for beret;along through;barring;FAILED;2024-12-28T09:58:34;circular minus accountability
10;brightly crocodile;till evenly;syringe;generally;across;SENT;2024-12-28T00:55:48;abaft
